basis,beta1,beta2
1,-0.0,0.0
u₁,-0.08338897149522129,0.0
u₁^2,-0.0,0.02781319111955192
u₁^3,0.02113065376979234,0.0
u₁^4,-0.006959034463566466,-0.0019658356071516545
u₂,-0.0,0.0
u₁*u₂,-0.8342851886288011,0.7011578145542204
(u₁^2)*u₂,-0.0,0.0
(u₁^3)*u₂,-0.0,0.005802454463215909
u₂^2,-0.0,0.07576087414453833
u₁*(u₂^2),-0.0,0.0
(u₁^2)*(u₂^2),0.0009117305426852983,-0.0
u₂^3,0.0,0.0
u₁*(u₂^3),-0.0,-0.0048744306888049435
u₂^4,-0.010625634293516149,0.0
