basis,beta1,beta2
1,-0.0,0.0
u1,-0.08338897149522129,0.0
u1^2,-0.0,0.02781319111955192
u1^3,0.02113065376979234,0.0
u1^4,-0.006959034463566466,-0.0019658356071516545
u2,-0.0,0.0
u1*u2,-0.8342851886288011,0.7011578145542204
u1^2*u2,-0.0,0.0
u1^3*u2,-0.0,0.005802454463215909
u2^2,-0.0,0.07576087414453833
u2^2*u1,-0.0,0.0
u2^2*u1^2,0.0009117305426852983,-0.0
u2^3,0.0,0.0
u2^3*u1,-0.0,-0.0048744306888049435
u2^4,-0.010625634293516149,0.0
