basis,beta1,beta2
1,0.0,0.0
u₁,0.0,0.0
u₁^2,0.0,0.0
u₁^3,0.0,0.0
u₁^4,0.0,0.0
u₂,0.0,0.0
u₁*u₂,-0.8992825500318438,0.8002141903077773
(u₁^2)*u₂,0.0,0.0
(u₁^3)*u₂,0.0,0.0
u₂^2,0.0,0.0
u₁*(u₂^2),0.0,0.0
(u₁^2)*(u₂^2),0.0,0.0
u₂^3,0.0,0.0
u₁*(u₂^3),0.0,0.0
u₂^4,0.0,0.0
